model,entity_type,precision,recall,f1,support
BiLSTM,ACCOUNTNAME,0.9745762711864406,0.9829059829059829,0.978723404255319,234
BiLSTM,ACCOUNTNUMBER,0.984251968503937,0.9881422924901185,0.9861932938856015,253
BiLSTM,AGE,0.893048128342246,0.9597701149425287,0.9252077562326871,174
BiLSTM,AMOUNT,0.9377593360995851,0.9535864978902954,0.9456066945606694,237
BiLSTM,BIC,0.8484848484848485,0.9824561403508771,0.9105691056910568,57
BiLSTM,BITCOINADDRESS,0.9090909090909091,0.9497206703910615,0.9289617486338797,179
BiLSTM,BUILDINGNUMBER,0.933920704845815,0.9380530973451328,0.93598233995585,226
BiLSTM,CCCD,0.9183673469387755,0.9712230215827338,0.9440559440559441,139
BiLSTM,CITY,0.9802955665024631,0.9754901960784313,0.9778869778869779,204
BiLSTM,COMPANYNAME,0.884393063583815,0.796875,0.8383561643835618,192
BiLSTM,COUNTY,0.9821428571428571,0.995475113122172,0.9887640449438202,221
BiLSTM,CREDITCARDCVV,0.9180327868852459,0.9333333333333333,0.9256198347107439,60
BiLSTM,CREDITCARDISSUER,0.9259259259259259,0.9345794392523364,0.9302325581395349,107
BiLSTM,CREDITCARDNUMBER,0.7055837563451777,0.8424242424242424,0.7679558011049723,165
BiLSTM,CURRENCY,0.8957055214723927,0.948051948051948,0.9211356466876971,154
BiLSTM,CURRENCYCODE,0.828125,0.8153846153846154,0.8217054263565892,65
BiLSTM,CURRENCYNAME,0.9696969696969697,0.9846153846153847,0.9770992366412214,65
BiLSTM,CURRENCYSYMBOL,0.9068627450980392,0.9390862944162437,0.9226932668329176,197
BiLSTM,DATE,0.7465564738292011,0.8138138138138138,0.7787356321839081,333
BiLSTM,DOB,0.6057142857142858,0.5955056179775281,0.6005665722379604,178
BiLSTM,EMAIL,0.9767441860465116,0.9932432432432432,0.9849246231155779,296
BiLSTM,ETHEREUMADDRESS,0.972972972972973,0.972972972972973,0.972972972972973,111
BiLSTM,EYECOLOR,1.0,1.0,1.0,64
BiLSTM,FIRSTNAME,0.9544554455445544,0.9296046287367405,0.9418661455788959,1037
BiLSTM,GENDER,0.975609756097561,0.9815950920245399,0.9785932721712537,163
BiLSTM,HEIGHT,0.9298245614035088,0.9814814814814815,0.954954954954955,54
BiLSTM,IBAN,0.9316770186335404,0.9554140127388535,0.9433962264150944,157
BiLSTM,IPADDRESS,0.9735449735449735,0.989247311827957,0.9813333333333333,558
BiLSTM,JOBAREA,0.9487179487179487,0.9736842105263158,0.9610389610389611,228
BiLSTM,JOBTITLE,0.8082706766917294,0.8921161825726142,0.8481262327416174,241
BiLSTM,JOBTYPE,0.8324324324324325,0.7897435897435897,0.8105263157894738,195
BiLSTM,LASTNAME,0.9646017699115044,0.9316239316239316,0.9478260869565217,351
BiLSTM,LITECOINADDRESS,0.8235294117647058,0.875,0.8484848484848485,64
BiLSTM,MAC,0.9880952380952381,0.9651162790697675,0.9764705882352942,86
BiLSTM,MASKEDNUMBER,0.7560975609756098,0.7654320987654321,0.7607361963190185,162
BiLSTM,MIDDLENAME,0.8341463414634146,0.8769230769230769,0.855,195
BiLSTM,NEARBYGPSCOORDINATE,1.0,1.0,1.0,127
BiLSTM,ORDINALDIRECTION,0.9397590361445783,0.8764044943820225,0.9069767441860466,89
BiLSTM,PASSWORD,0.8888888888888888,0.9312169312169312,0.9095607235142118,189
BiLSTM,PHONEIMEI,0.9763779527559056,1.0,0.9880478087649402,124
BiLSTM,PHONENUMBER,0.9593908629441624,0.9642857142857143,0.9618320610687023,196
BiLSTM,PIN,0.7971014492753623,0.8870967741935484,0.8396946564885496,62
BiLSTM,PREFIX,0.8937728937728938,0.9494163424124513,0.920754716981132,257
BiLSTM,SECONDARYADDRESS,0.9393939393939394,0.950920245398773,0.9451219512195123,163
BiLSTM,SEX,0.8685714285714285,0.9440993788819876,0.9047619047619048,161
BiLSTM,STATE,0.9863013698630136,0.9863013698630136,0.9863013698630136,219
BiLSTM,STREET,0.9949494949494949,1.0,0.9974683544303797,197
BiLSTM,TIME,0.9313304721030042,0.9434782608695652,0.937365010799136,230
BiLSTM,URL,0.9773755656108597,0.9863013698630136,0.9818181818181817,219
BiLSTM,USERAGENT,0.9705882352941176,0.9763313609467456,0.9734513274336284,169
BiLSTM,USERNAME,0.8702928870292888,0.896551724137931,0.8832271762208069,232
BiLSTM,VEHICLEVIN,0.9710144927536232,0.9571428571428572,0.9640287769784173,70
BiLSTM,VEHICLEVRM,0.8701298701298701,0.9178082191780822,0.8933333333333333,73
BiLSTM,ZIPCODE,0.9536082474226805,0.9788359788359788,0.9660574412532638,189
BiLSTM-CRF,ACCOUNTNAME,0.9831223628691983,0.9957264957264957,0.9893842887473461,234
BiLSTM-CRF,ACCOUNTNUMBER,0.9920948616600791,0.9920948616600791,0.9920948616600791,253
BiLSTM-CRF,AGE,0.9217877094972067,0.9482758620689655,0.9348441926345609,174
BiLSTM-CRF,AMOUNT,0.9537815126050421,0.9578059071729957,0.9557894736842105,237
BiLSTM-CRF,BIC,0.9454545454545454,0.9122807017543859,0.9285714285714285,57
BiLSTM-CRF,BITCOINADDRESS,0.9560439560439561,0.9720670391061452,0.96398891966759,179
BiLSTM-CRF,BUILDINGNUMBER,0.9227467811158798,0.9513274336283186,0.9368191721132897,226
BiLSTM-CRF,CCCD,0.9716312056737588,0.9856115107913669,0.9785714285714285,139
BiLSTM-CRF,CITY,0.9754901960784313,0.9754901960784313,0.9754901960784313,204
BiLSTM-CRF,COMPANYNAME,0.8783068783068783,0.8645833333333334,0.8713910761154855,192
BiLSTM-CRF,COUNTY,0.9865470852017937,0.995475113122172,0.990990990990991,221
BiLSTM-CRF,CREDITCARDCVV,0.9655172413793104,0.9333333333333333,0.9491525423728815,60
BiLSTM-CRF,CREDITCARDISSUER,0.9626168224299065,0.9626168224299065,0.9626168224299065,107
BiLSTM-CRF,CREDITCARDNUMBER,0.8222222222222222,0.896969696969697,0.8579710144927536,165
BiLSTM-CRF,CURRENCY,0.9554140127388535,0.974025974025974,0.9646302250803858,154
BiLSTM-CRF,CURRENCYCODE,0.84375,0.8307692307692308,0.8372093023255814,65
BiLSTM-CRF,CURRENCYNAME,0.9846153846153847,0.9846153846153847,0.9846153846153847,65
BiLSTM-CRF,CURRENCYSYMBOL,0.9108910891089109,0.934010152284264,0.9223057644110276,197
BiLSTM-CRF,DATE,0.8217270194986073,0.8858858858858859,0.8526011560693642,333
BiLSTM-CRF,DOB,0.7763157894736842,0.6629213483146067,0.7151515151515152,178
BiLSTM-CRF,EMAIL,0.9865771812080537,0.9932432432432432,0.9898989898989898,296
BiLSTM-CRF,ETHEREUMADDRESS,0.9819819819819819,0.9819819819819819,0.9819819819819819,111
BiLSTM-CRF,EYECOLOR,1.0,1.0,1.0,64
BiLSTM-CRF,FIRSTNAME,0.9593657086223984,0.9334619093539055,0.946236559139785,1037
BiLSTM-CRF,GENDER,0.9640718562874252,0.9877300613496932,0.9757575757575757,163
BiLSTM-CRF,HEIGHT,0.9814814814814815,0.9814814814814815,0.9814814814814815,54
BiLSTM-CRF,IBAN,0.94375,0.9617834394904459,0.9526813880126183,157
BiLSTM-CRF,IPADDRESS,0.9910233393177738,0.989247311827957,0.9901345291479822,558
BiLSTM-CRF,JOBAREA,0.9572649572649573,0.9824561403508771,0.9696969696969696,228
BiLSTM-CRF,JOBTITLE,0.8645418326693227,0.9004149377593361,0.8821138211382115,241
BiLSTM-CRF,JOBTYPE,0.8518518518518519,0.8256410256410256,0.8385416666666666,195
BiLSTM-CRF,LASTNAME,0.9650145772594753,0.9430199430199431,0.9538904899135447,351
BiLSTM-CRF,LITECOINADDRESS,0.9672131147540983,0.921875,0.944,64
BiLSTM-CRF,MAC,0.9883720930232558,0.9883720930232558,0.9883720930232558,86
BiLSTM-CRF,MASKEDNUMBER,0.9047619047619048,0.8209876543209876,0.86084142394822,162
BiLSTM-CRF,MIDDLENAME,0.8269230769230769,0.882051282051282,0.8535980148883374,195
BiLSTM-CRF,NEARBYGPSCOORDINATE,1.0,1.0,1.0,127
BiLSTM-CRF,ORDINALDIRECTION,0.9506172839506173,0.8651685393258427,0.9058823529411766,89
BiLSTM-CRF,PASSWORD,0.9576719576719577,0.9576719576719577,0.9576719576719578,189
BiLSTM-CRF,PHONEIMEI,0.9841269841269841,1.0,0.9919999999999999,124
BiLSTM-CRF,PHONENUMBER,0.9846153846153847,0.9795918367346939,0.9820971867007673,196
BiLSTM-CRF,PIN,0.9508196721311475,0.9354838709677419,0.943089430894309,62
BiLSTM-CRF,PREFIX,0.9368029739776952,0.980544747081712,0.9581749049429658,257
BiLSTM-CRF,SECONDARYADDRESS,0.950920245398773,0.950920245398773,0.950920245398773,163
BiLSTM-CRF,SEX,0.8786127167630058,0.9440993788819876,0.9101796407185628,161
BiLSTM-CRF,STATE,0.9819819819819819,0.9954337899543378,0.9886621315192743,219
BiLSTM-CRF,STREET,0.9848484848484849,0.9898477157360406,0.9873417721518988,197
BiLSTM-CRF,TIME,0.9439655172413793,0.9521739130434783,0.948051948051948,230
BiLSTM-CRF,URL,0.9954337899543378,0.9954337899543378,0.9954337899543378,219
BiLSTM-CRF,USERAGENT,0.9881656804733728,0.9881656804733728,0.9881656804733728,169
BiLSTM-CRF,USERNAME,0.944206008583691,0.9482758620689655,0.946236559139785,232
BiLSTM-CRF,VEHICLEVIN,0.9855072463768116,0.9714285714285714,0.9784172661870504,70
BiLSTM-CRF,VEHICLEVRM,0.9594594594594594,0.9726027397260274,0.9659863945578231,73
BiLSTM-CRF,ZIPCODE,0.9736842105263158,0.9788359788359788,0.9762532981530344,189
PhoBERT,ACCOUNTNAME,0.9789029535864979,0.9914529914529915,0.9851380042462845,234
PhoBERT,ACCOUNTNUMBER,0.9920948616600791,0.9920948616600791,0.9920948616600791,253
PhoBERT,AGE,0.9707602339181286,0.9540229885057471,0.9623188405797101,174
PhoBERT,AMOUNT,0.9872881355932204,0.9831223628691983,0.985200845665962,237
PhoBERT,BIC,0.9827586206896551,1.0,0.9913043478260869,57
PhoBERT,BITCOINADDRESS,0.9779005524861878,0.9888268156424581,0.9833333333333334,179
PhoBERT,BUILDINGNUMBER,0.990990990990991,0.9734513274336283,0.9821428571428571,226
PhoBERT,CCCD,0.9927007299270073,0.9784172661870504,0.9855072463768116,139
PhoBERT,CITY,0.9852941176470589,0.9852941176470589,0.9852941176470589,204
PhoBERT,COMPANYNAME,0.934010152284264,0.9583333333333334,0.9460154241645244,192
PhoBERT,COUNTY,0.9910313901345291,1.0,0.9954954954954954,221
PhoBERT,CREDITCARDCVV,0.9523809523809523,1.0,0.975609756097561,60
PhoBERT,CREDITCARDISSUER,0.963302752293578,0.9813084112149533,0.9722222222222222,107
PhoBERT,CREDITCARDNUMBER,0.8494623655913979,0.9575757575757575,0.9002849002849003,165
PhoBERT,CURRENCY,0.967948717948718,0.9805194805194806,0.9741935483870969,154
PhoBERT,CURRENCYCODE,0.8450704225352113,0.9230769230769231,0.8823529411764706,65
PhoBERT,CURRENCYNAME,0.9848484848484849,1.0,0.9923664122137404,65
PhoBERT,CURRENCYSYMBOL,0.9296482412060302,0.9390862944162437,0.9343434343434344,197
PhoBERT,DATE,0.8,0.8768768768768769,0.8366762177650431,333
PhoBERT,DOB,0.7455621301775148,0.7078651685393258,0.7262247838616714,178
PhoBERT,EMAIL,0.9866220735785953,0.9966216216216216,0.9915966386554622,296
PhoBERT,ETHEREUMADDRESS,0.990990990990991,0.990990990990991,0.990990990990991,111
PhoBERT,EYECOLOR,1.0,1.0,1.0,64
PhoBERT,FIRSTNAME,0.9645320197044335,0.944069431051109,0.9541910331384016,1037
PhoBERT,GENDER,0.9640718562874252,0.9877300613496932,0.9757575757575757,163
PhoBERT,HEIGHT,0.9285714285714286,0.9629629629629629,0.9454545454545454,54
PhoBERT,IBAN,0.9810126582278481,0.9872611464968153,0.9841269841269842,157
PhoBERT,IPADDRESS,0.9892280071813285,0.9874551971326165,0.9883408071748879,558
PhoBERT,JOBAREA,0.9535864978902954,0.9912280701754386,0.9720430107526881,228
PhoBERT,JOBTITLE,0.8615384615384616,0.9294605809128631,0.8942115768463074,241
PhoBERT,JOBTYPE,0.9050279329608939,0.8307692307692308,0.8663101604278074,195
PhoBERT,LASTNAME,0.9741379310344828,0.9658119658119658,0.9699570815450644,351
PhoBERT,LITECOINADDRESS,0.9838709677419355,0.953125,0.9682539682539683,64
PhoBERT,MAC,0.9883720930232558,0.9883720930232558,0.9883720930232558,86
PhoBERT,MASKEDNUMBER,0.9513888888888888,0.845679012345679,0.8954248366013071,162
PhoBERT,MIDDLENAME,0.8571428571428571,0.9230769230769231,0.888888888888889,195
PhoBERT,NEARBYGPSCOORDINATE,1.0,1.0,1.0,127
PhoBERT,ORDINALDIRECTION,0.9764705882352941,0.9325842696629213,0.9540229885057471,89
PhoBERT,PASSWORD,0.9946524064171123,0.9841269841269841,0.9893617021276594,189
PhoBERT,PHONEIMEI,1.0,1.0,1.0,124
PhoBERT,PHONENUMBER,0.9797979797979798,0.9897959183673469,0.9847715736040609,196
PhoBERT,PIN,0.9841269841269841,1.0,0.9919999999999999,62
PhoBERT,PREFIX,0.9166666666666666,0.9844357976653697,0.949343339587242,257
PhoBERT,SECONDARYADDRESS,0.9636363636363636,0.9754601226993865,0.9695121951219513,163
PhoBERT,SEX,0.9101796407185628,0.9440993788819876,0.9268292682926829,161
PhoBERT,STATE,0.9909502262443439,1.0,0.9954545454545455,219
PhoBERT,STREET,0.9949238578680203,0.9949238578680203,0.9949238578680203,197
PhoBERT,TIME,0.9781659388646288,0.9739130434782609,0.9760348583877995,230
PhoBERT,URL,0.9954337899543378,0.9954337899543378,0.9954337899543378,219
PhoBERT,USERAGENT,0.9940828402366864,0.9940828402366864,0.9940828402366864,169
PhoBERT,USERNAME,0.9663865546218487,0.9913793103448276,0.9787234042553192,232
PhoBERT,VEHICLEVIN,0.9857142857142858,0.9857142857142858,0.9857142857142858,70
PhoBERT,VEHICLEVRM,0.9863013698630136,0.9863013698630136,0.9863013698630136,73
PhoBERT,ZIPCODE,1.0,0.9947089947089947,0.9973474801061007,189
XLM-RoBERTa,ACCOUNTNAME,0.9788135593220338,0.9871794871794872,0.9829787234042553,234
XLM-RoBERTa,ACCOUNTNUMBER,1.0,1.0,1.0,286
XLM-RoBERTa,AGE,0.9825581395348837,0.976878612716763,0.9797101449275363,173
XLM-RoBERTa,AMOUNT,0.9812734082397003,0.9739776951672863,0.9776119402985075,269
XLM-RoBERTa,BIC,1.0,1.0,1.0,69
XLM-RoBERTa,BITCOINADDRESS,0.9675675675675676,1.0,0.9835164835164836,179
XLM-RoBERTa,BUILDINGNUMBER,0.9897959183673469,0.9864406779661017,0.9881154499151105,295
XLM-RoBERTa,CCCD,0.9865771812080537,0.9865771812080537,0.9865771812080537,149
XLM-RoBERTa,CITY,1.0,1.0,1.0,204
XLM-RoBERTa,COMPANYNAME,0.9222797927461139,0.9222797927461139,0.9222797927461139,193
XLM-RoBERTa,COUNTY,0.9866071428571429,1.0,0.9932584269662922,221
XLM-RoBERTa,CREDITCARDCVV,0.9642857142857143,0.9878048780487805,0.9759036144578312,82
XLM-RoBERTa,CREDITCARDISSUER,0.9818181818181818,0.9908256880733946,0.9863013698630138,109
XLM-RoBERTa,CREDITCARDNUMBER,0.8365384615384616,0.9508196721311475,0.8900255754475703,183
XLM-RoBERTa,CURRENCY,0.9868421052631579,0.974025974025974,0.9803921568627451,154
XLM-RoBERTa,CURRENCYCODE,0.8260869565217391,0.8769230769230769,0.8507462686567164,65
XLM-RoBERTa,CURRENCYNAME,0.9848484848484849,1.0,0.9923664122137404,65
XLM-RoBERTa,CURRENCYSYMBOL,0.9343434343434344,0.9390862944162437,0.9367088607594937,197
XLM-RoBERTa,DATE,0.7506112469437652,0.9191616766467066,0.8263795423956931,334
XLM-RoBERTa,DOB,0.76,0.5337078651685393,0.627062706270627,178
XLM-RoBERTa,EMAIL,0.9932885906040269,1.0,0.9966329966329966,296
XLM-RoBERTa,ETHEREUMADDRESS,1.0,1.0,1.0,111
XLM-RoBERTa,EYECOLOR,1.0,1.0,1.0,64
XLM-RoBERTa,FIRSTNAME,0.9715964740450539,0.9520153550863724,0.9617062530295686,1042
XLM-RoBERTa,GENDER,0.9642857142857143,0.9938650306748467,0.9788519637462235,163
XLM-RoBERTa,HEIGHT,0.9636363636363636,0.9814814814814815,0.9724770642201834,54
XLM-RoBERTa,IBAN,0.9880952380952381,0.9940119760479041,0.991044776119403,167
XLM-RoBERTa,IPADDRESS,0.9982847341337907,0.9982847341337907,0.9982847341337907,583
XLM-RoBERTa,JOBAREA,0.9739130434782609,0.9824561403508771,0.9781659388646288,228
XLM-RoBERTa,JOBTITLE,0.8438661710037175,0.941908713692946,0.8901960784313726,241
XLM-RoBERTa,JOBTYPE,0.9337349397590361,0.7908163265306123,0.8563535911602209,196
XLM-RoBERTa,LASTNAME,0.9720670391061452,0.9802816901408451,0.9761570827489481,355
XLM-RoBERTa,LITECOINADDRESS,1.0,0.9142857142857143,0.955223880597015,70
XLM-RoBERTa,MAC,1.0,1.0,1.0,88
XLM-RoBERTa,MASKEDNUMBER,0.9423076923076923,0.8258426966292135,0.8802395209580839,178
XLM-RoBERTa,MIDDLENAME,0.8744186046511628,0.8995215311004785,0.8867924528301887,209
XLM-RoBERTa,NEARBYGPSCOORDINATE,1.0,1.0,1.0,127
XLM-RoBERTa,ORDINALDIRECTION,1.0,0.9213483146067416,0.9590643274853802,89
XLM-RoBERTa,PASSWORD,1.0,1.0,1.0,194
XLM-RoBERTa,PHONEIMEI,0.9841269841269841,1.0,0.9919999999999999,124
XLM-RoBERTa,PHONENUMBER,0.9900497512437811,0.9900497512437811,0.9900497512437811,201
XLM-RoBERTa,PIN,0.9838709677419355,0.9838709677419355,0.9838709677419355,62
XLM-RoBERTa,PREFIX,0.9045936395759717,0.9961089494163424,0.9481481481481482,257
XLM-RoBERTa,SECONDARYADDRESS,0.9759036144578314,0.9938650306748467,0.9848024316109423,163
XLM-RoBERTa,SEX,0.9239766081871345,0.9813664596273292,0.9518072289156626,161
XLM-RoBERTa,STATE,0.9776785714285714,1.0,0.9887133182844243,219
XLM-RoBERTa,STREET,0.9949238578680203,0.9949238578680203,0.9949238578680203,197
XLM-RoBERTa,TIME,0.9785407725321889,0.991304347826087,0.9848812095032398,230
XLM-RoBERTa,URL,0.9954337899543378,0.9954337899543378,0.9954337899543378,219
XLM-RoBERTa,USERAGENT,0.9940828402366864,0.9940828402366864,0.9940828402366864,169
XLM-RoBERTa,USERNAME,1.0,0.9957264957264957,0.9978586723768736,234
XLM-RoBERTa,VEHICLEVIN,0.972972972972973,0.9863013698630136,0.979591836734694,73
XLM-RoBERTa,VEHICLEVRM,0.9895833333333334,1.0,0.9947643979057591,95
XLM-RoBERTa,ZIPCODE,0.9869565217391304,0.9956140350877193,0.9912663755458515,228
